treshold_amountnoise:0;77429
treshold_amountnoise:10;108566
treshold_amountnoise:100;156897
treshold_amountnoise:15;105265
treshold_amountnoise:20;107296
treshold_amountnoise:25;111188
treshold_amountnoise:30;116294
treshold_amountnoise:35;120927
treshold_amountnoise:40;125757
treshold_amountnoise:45;131468
treshold_amountnoise:5;88152
treshold_amountnoise:50;136335
treshold_amountnoise:55;137106
treshold_amountnoise:60;147864
treshold_amountnoise:65;165159
treshold_amountnoise:70;152598
treshold_amountnoise:75;152389
treshold_amountnoise:80;156154
treshold_amountnoise:85;156439
treshold_amountnoise:90;159701
treshold_amountnoise:95;175967
