Iteratie,Naam,Tijd - rotatie - zero order,,,Iteratie,Naam,Tijd rotatie first order,,,Iteratie,Naam,Tijd - scale - zero order,,,Iteratie,Naam,Tijd scale - first order,,,Iteratie,Naam,Tijd shear - zero order,,,Iteratie,Naam,Tijd shear first order
0,rotate0 - iteration-00,252325,,,0,rotate1 - iteration-00,220016,,,0,scale0 - iteration-00,338560,,,0,scale1 - iteration-00,296049,,,0,shear0 - iteration-00,297125,,,0,shear1 - iteration-00,280566
1,rotate0 - iteration-01,233392,,,1,rotate1 - iteration-01,218440,,,1,scale0 - iteration-01,338215,,,1,scale1 - iteration-01,302757,,,1,shear0 - iteration-01,301766,,,1,shear1 - iteration-01,282220
2,rotate0 - iteration-02,232631,,,2,rotate1 - iteration-02,217429,,,2,scale0 - iteration-02,356552,,,2,scale1 - iteration-02,307029,,,2,shear0 - iteration-02,299318,,,2,shear1 - iteration-02,282808
3,rotate0 - iteration-03,242558,,,3,rotate1 - iteration-03,239369,,,3,scale0 - iteration-03,348055,,,3,scale1 - iteration-03,302581,,,3,shear0 - iteration-03,311754,,,3,shear1 - iteration-03,291186
4,rotate0 - iteration-04,234106,,,4,rotate1 - iteration-04,228837,,,4,scale0 - iteration-04,349810,,,4,scale1 - iteration-04,302717,,,4,shear0 - iteration-04,307536,,,4,shear1 - iteration-04,289373
5,rotate0 - iteration-05,234806,,,5,rotate1 - iteration-05,219014,,,5,scale0 - iteration-05,363986,,,5,scale1 - iteration-05,320297,,,5,shear0 - iteration-05,296506,,,5,shear1 - iteration-05,280906
6,rotate0 - iteration-06,232226,,,6,rotate1 - iteration-06,217806,,,6,scale0 - iteration-06,334202,,,6,scale1 - iteration-06,294106,,,6,shear0 - iteration-06,293896,,,6,shear1 - iteration-06,281293
7,rotate0 - iteration-07,243349,,,7,rotate1 - iteration-07,225535,,,7,scale0 - iteration-07,342520,,,7,scale1 - iteration-07,303973,,,7,shear0 - iteration-07,298316,,,7,shear1 - iteration-07,279827
8,rotate0 - iteration-08,235102,,,8,rotate1 - iteration-08,220459,,,8,scale0 - iteration-08,337988,,,8,scale1 - iteration-08,313898,,,8,shear0 - iteration-08,303477,,,8,shear1 - iteration-08,296111
9,rotate0 - iteration-09,247245,,,9,rotate1 - iteration-09,228281,,,9,scale0 - iteration-09,332722,,,9,scale1 - iteration-09,309405,,,9,shear0 - iteration-09,298043,,,9,shear1 - iteration-09,296352
10,rotate0 - iteration-10,240415,,,10,rotate1 - iteration-10,226198,,,10,scale0 - iteration-10,345482,,,10,scale1 - iteration-10,313471,,,10,shear0 - iteration-10,307583,,,10,shear1 - iteration-10,291730
11,rotate0 - iteration-11,233796,,,11,rotate1 - iteration-11,219814,,,11,scale0 - iteration-11,340878,,,11,scale1 - iteration-11,308684,,,11,shear0 - iteration-11,296041,,,11,shear1 - iteration-11,282339
12,rotate0 - iteration-12,236646,,,12,rotate1 - iteration-12,218106,,,12,scale0 - iteration-12,342596,,,12,scale1 - iteration-12,294824,,,12,shear0 - iteration-12,295153,,,12,shear1 - iteration-12,279394
13,rotate0 - iteration-13,231212,,,13,rotate1 - iteration-13,220888,,,13,scale0 - iteration-13,338096,,,13,scale1 - iteration-13,291913,,,13,shear0 - iteration-13,294620,,,13,shear1 - iteration-13,280787
14,rotate0 - iteration-14,235487,,,14,rotate1 - iteration-14,222877,,,14,scale0 - iteration-14,346002,,,14,scale1 - iteration-14,300179,,,14,shear0 - iteration-14,296139,,,14,shear1 - iteration-14,280748
15,rotate0 - iteration-15,232715,,,15,rotate1 - iteration-15,215547,,,15,scale0 - iteration-15,331070,,,15,scale1 - iteration-15,294685,,,15,shear0 - iteration-15,293820,,,15,shear1 - iteration-15,279957
16,rotate0 - iteration-16,232716,,,16,rotate1 - iteration-16,216062,,,16,scale0 - iteration-16,335409,,,16,scale1 - iteration-16,293023,,,16,shear0 - iteration-16,297517,,,16,shear1 - iteration-16,280637
17,rotate0 - iteration-17,234409,,,17,rotate1 - iteration-17,217056,,,17,scale0 - iteration-17,331987,,,17,scale1 - iteration-17,294270,,,17,shear0 - iteration-17,295176,,,17,shear1 - iteration-17,284713
18,rotate0 - iteration-18,236765,,,18,rotate1 - iteration-18,225031,,,18,scale0 - iteration-18,350201,,,18,scale1 - iteration-18,310404,,,18,shear0 - iteration-18,299080,,,18,shear1 - iteration-18,283567
19,rotate0 - iteration-19,235473,,,19,rotate1 - iteration-19,219516,,,19,scale0 - iteration-19,348561,,,19,scale1 - iteration-19,299428,,,19,shear0 - iteration-19,294725,,,19,shear1 - iteration-19,283752
20,rotate0 - iteration-20,235458,,,20,rotate1 - iteration-20,220746,,,20,scale0 - iteration-20,349245,,,20,scale1 - iteration-20,304497,,,20,shear0 - iteration-20,297294,,,20,shear1 - iteration-20,281190
21,rotate0 - iteration-21,234074,,,21,rotate1 - iteration-21,234352,,,21,scale0 - iteration-21,360081,,,21,scale1 - iteration-21,311338,,,21,shear0 - iteration-21,296717,,,21,shear1 - iteration-21,280260
22,rotate0 - iteration-22,237011,,,22,rotate1 - iteration-22,225780,,,22,scale0 - iteration-22,335040,,,22,scale1 - iteration-22,296352,,,22,shear0 - iteration-22,303746,,,22,shear1 - iteration-22,279052
23,rotate0 - iteration-23,238344,,,23,rotate1 - iteration-23,221751,,,23,scale0 - iteration-23,334148,,,23,scale1 - iteration-23,293626,,,23,shear0 - iteration-23,296636,,,23,shear1 - iteration-23,280901
24,rotate0 - iteration-24,233062,,,24,rotate1 - iteration-24,219454,,,24,scale0 - iteration-24,331382,,,24,scale1 - iteration-24,296572,,,24,shear0 - iteration-24,293062,,,24,shear1 - iteration-24,280713
25,rotate0 - iteration-25,233189,,,25,rotate1 - iteration-25,218520,,,25,scale0 - iteration-25,334736,,,25,scale1 - iteration-25,293451,,,25,shear0 - iteration-25,296098,,,25,shear1 - iteration-25,280779
26,rotate0 - iteration-26,235034,,,26,rotate1 - iteration-26,217515,,,26,scale0 - iteration-26,334706,,,26,scale1 - iteration-26,294124,,,26,shear0 - iteration-26,294474,,,26,shear1 - iteration-26,282718
27,rotate0 - iteration-27,232801,,,27,rotate1 - iteration-27,218883,,,27,scale0 - iteration-27,331715,,,27,scale1 - iteration-27,294844,,,27,shear0 - iteration-27,298067,,,27,shear1 - iteration-27,279433
28,rotate0 - iteration-28,233377,,,28,rotate1 - iteration-28,219084,,,28,scale0 - iteration-28,334758,,,28,scale1 - iteration-28,296949,,,28,shear0 - iteration-28,301805,,,28,shear1 - iteration-28,280143
29,rotate0 - iteration-29,235766,,,29,rotate1 - iteration-29,220984,,,29,scale0 - iteration-29,335913,,,29,scale1 - iteration-29,298107,,,29,shear0 - iteration-29,298657,,,29,shear1 - iteration-29,284793
30,rotate0 - iteration-30,236593,,,30,rotate1 - iteration-30,219202,,,30,scale0 - iteration-30,335056,,,30,scale1 - iteration-30,297199,,,30,shear0 - iteration-30,297725,,,30,shear1 - iteration-30,281578
31,rotate0 - iteration-31,234223,,,31,rotate1 - iteration-31,219910,,,31,scale0 - iteration-31,340944,,,31,scale1 - iteration-31,300650,,,31,shear0 - iteration-31,297418,,,31,shear1 - iteration-31,280820
32,rotate0 - iteration-32,236357,,,32,rotate1 - iteration-32,219019,,,32,scale0 - iteration-32,335196,,,32,scale1 - iteration-32,296483,,,32,shear0 - iteration-32,299133,,,32,shear1 - iteration-32,285185
33,rotate0 - iteration-33,235019,,,33,rotate1 - iteration-33,219800,,,33,scale0 - iteration-33,336211,,,33,scale1 - iteration-33,300855,,,33,shear0 - iteration-33,298415,,,33,shear1 - iteration-33,281223
34,rotate0 - iteration-34,236116,,,34,rotate1 - iteration-34,221501,,,34,scale0 - iteration-34,332874,,,34,scale1 - iteration-34,298283,,,34,shear0 - iteration-34,301244,,,34,shear1 - iteration-34,282718
35,rotate0 - iteration-35,231656,,,35,rotate1 - iteration-35,218528,,,35,scale0 - iteration-35,337699,,,35,scale1 - iteration-35,297638,,,35,shear0 - iteration-35,300041,,,35,shear1 - iteration-35,282696
36,rotate0 - iteration-36,235894,,,36,rotate1 - iteration-36,220014,,,36,scale0 - iteration-36,334649,,,36,scale1 - iteration-36,297336,,,36,shear0 - iteration-36,297132,,,36,shear1 - iteration-36,281507
37,rotate0 - iteration-37,232188,,,37,rotate1 - iteration-37,218908,,,37,scale0 - iteration-37,339634,,,37,scale1 - iteration-37,295285,,,37,shear0 - iteration-37,297061,,,37,shear1 - iteration-37,282215
38,rotate0 - iteration-38,233584,,,38,rotate1 - iteration-38,220006,,,38,scale0 - iteration-38,334020,,,38,scale1 - iteration-38,293468,,,38,shear0 - iteration-38,298210,,,38,shear1 - iteration-38,281575
39,rotate0 - iteration-39,233995,,,39,rotate1 - iteration-39,221908,,,39,scale0 - iteration-39,335051,,,39,scale1 - iteration-39,294874,,,39,shear0 - iteration-39,297396,,,39,shear1 - iteration-39,283510
40,rotate0 - iteration-40,236537,,,40,rotate1 - iteration-40,220197,,,40,scale0 - iteration-40,332768,,,40,scale1 - iteration-40,297604,,,40,shear0 - iteration-40,297832,,,40,shear1 - iteration-40,281698
41,rotate0 - iteration-41,232604,,,41,rotate1 - iteration-41,218326,,,41,scale0 - iteration-41,333648,,,41,scale1 - iteration-41,298225,,,41,shear0 - iteration-41,295759,,,41,shear1 - iteration-41,281829
42,rotate0 - iteration-42,234180,,,42,rotate1 - iteration-42,218385,,,42,scale0 - iteration-42,334309,,,42,scale1 - iteration-42,296885,,,42,shear0 - iteration-42,298840,,,42,shear1 - iteration-42,283177
43,rotate0 - iteration-43,234205,,,43,rotate1 - iteration-43,221359,,,43,scale0 - iteration-43,340016,,,43,scale1 - iteration-43,295598,,,43,shear0 - iteration-43,299378,,,43,shear1 - iteration-43,279898
44,rotate0 - iteration-44,233781,,,44,rotate1 - iteration-44,219942,,,44,scale0 - iteration-44,365235,,,44,scale1 - iteration-44,304759,,,44,shear0 - iteration-44,297577,,,44,shear1 - iteration-44,290246
45,rotate0 - iteration-45,234480,,,45,rotate1 - iteration-45,220267,,,45,scale0 - iteration-45,334648,,,45,scale1 - iteration-45,309424,,,45,shear0 - iteration-45,299294,,,45,shear1 - iteration-45,280822
46,rotate0 - iteration-46,233319,,,46,rotate1 - iteration-46,219126,,,46,scale0 - iteration-46,332172,,,46,scale1 - iteration-46,293638,,,46,shear0 - iteration-46,294293,,,46,shear1 - iteration-46,281075
47,rotate0 - iteration-47,232686,,,47,rotate1 - iteration-47,218623,,,47,scale0 - iteration-47,334575,,,47,scale1 - iteration-47,294474,,,47,shear0 - iteration-47,296668,,,47,shear1 - iteration-47,281526
48,rotate0 - iteration-48,235573,,,48,rotate1 - iteration-48,218348,,,48,scale0 - iteration-48,331167,,,48,scale1 - iteration-48,296708,,,48,shear0 - iteration-48,297289,,,48,shear1 - iteration-48,282209
49,rotate0 - iteration-49,233628,,,49,rotate1 - iteration-49,217394,,,49,scale0 - iteration-49,338505,,,49,scale1 - iteration-49,293966,,,49,shear0 - iteration-49,299281,,,49,shear1 - iteration-49,279550
50,rotate0 - iteration-50,233762,,,50,rotate1 - iteration-50,215939,,,50,scale0 - iteration-50,335078,,,50,scale1 - iteration-50,295754,,,50,shear0 - iteration-50,296311,,,50,shear1 - iteration-50,285254
51,rotate0 - iteration-51,232421,,,51,rotate1 - iteration-51,218245,,,51,scale0 - iteration-51,334269,,,51,scale1 - iteration-51,295919,,,51,shear0 - iteration-51,297487,,,51,shear1 - iteration-51,279906
52,rotate0 - iteration-52,236855,,,52,rotate1 - iteration-52,218701,,,52,scale0 - iteration-52,332933,,,52,scale1 - iteration-52,298706,,,52,shear0 - iteration-52,300741,,,52,shear1 - iteration-52,282432
53,rotate0 - iteration-53,232558,,,53,rotate1 - iteration-53,220331,,,53,scale0 - iteration-53,332689,,,53,scale1 - iteration-53,297577,,,53,shear0 - iteration-53,295944,,,53,shear1 - iteration-53,280843
54,rotate0 - iteration-54,236488,,,54,rotate1 - iteration-54,217783,,,54,scale0 - iteration-54,337211,,,54,scale1 - iteration-54,294950,,,54,shear0 - iteration-54,298883,,,54,shear1 - iteration-54,281731
55,rotate0 - iteration-55,234744,,,55,rotate1 - iteration-55,220459,,,55,scale0 - iteration-55,350226,,,55,scale1 - iteration-55,301091,,,55,shear0 - iteration-55,305953,,,55,shear1 - iteration-55,285412
56,rotate0 - iteration-56,236991,,,56,rotate1 - iteration-56,219149,,,56,scale0 - iteration-56,332560,,,56,scale1 - iteration-56,295571,,,56,shear0 - iteration-56,296003,,,56,shear1 - iteration-56,281202
57,rotate0 - iteration-57,234473,,,57,rotate1 - iteration-57,219333,,,57,scale0 - iteration-57,332704,,,57,scale1 - iteration-57,295480,,,57,shear0 - iteration-57,295595,,,57,shear1 - iteration-57,279863
58,rotate0 - iteration-58,232762,,,58,rotate1 - iteration-58,215902,,,58,scale0 - iteration-58,332041,,,58,scale1 - iteration-58,296147,,,58,shear0 - iteration-58,299878,,,58,shear1 - iteration-58,282662
59,rotate0 - iteration-59,230409,,,59,rotate1 - iteration-59,219411,,,59,scale0 - iteration-59,334226,,,59,scale1 - iteration-59,295880,,,59,shear0 - iteration-59,295776,,,59,shear1 - iteration-59,280309
60,rotate0 - iteration-60,234260,,,60,rotate1 - iteration-60,218545,,,60,scale0 - iteration-60,334763,,,60,scale1 - iteration-60,297793,,,60,shear0 - iteration-60,298149,,,60,shear1 - iteration-60,281929
61,rotate0 - iteration-61,236248,,,61,rotate1 - iteration-61,219862,,,61,scale0 - iteration-61,335962,,,61,scale1 - iteration-61,296742,,,61,shear0 - iteration-61,295262,,,61,shear1 - iteration-61,281673
62,rotate0 - iteration-62,238384,,,62,rotate1 - iteration-62,218919,,,62,scale0 - iteration-62,334578,,,62,scale1 - iteration-62,295831,,,62,shear0 - iteration-62,310694,,,62,shear1 - iteration-62,291991
63,rotate0 - iteration-63,232642,,,63,rotate1 - iteration-63,218645,,,63,scale0 - iteration-63,333734,,,63,scale1 - iteration-63,299055,,,63,shear0 - iteration-63,297213,,,63,shear1 - iteration-63,282028
64,rotate0 - iteration-64,234672,,,64,rotate1 - iteration-64,218109,,,64,scale0 - iteration-64,331323,,,64,scale1 - iteration-64,296182,,,64,shear0 - iteration-64,297092,,,64,shear1 - iteration-64,280610
65,rotate0 - iteration-65,233936,,,65,rotate1 - iteration-65,216405,,,65,scale0 - iteration-65,332198,,,65,scale1 - iteration-65,302840,,,65,shear0 - iteration-65,296935,,,65,shear1 - iteration-65,280992
66,rotate0 - iteration-66,231140,,,66,rotate1 - iteration-66,216428,,,66,scale0 - iteration-66,333097,,,66,scale1 - iteration-66,295047,,,66,shear0 - iteration-66,294581,,,66,shear1 - iteration-66,280195
67,rotate0 - iteration-67,237998,,,67,rotate1 - iteration-67,216058,,,67,scale0 - iteration-67,338655,,,67,scale1 - iteration-67,296161,,,67,shear0 - iteration-67,299468,,,67,shear1 - iteration-67,278182
68,rotate0 - iteration-68,231932,,,68,rotate1 - iteration-68,217854,,,68,scale0 - iteration-68,335603,,,68,scale1 - iteration-68,292877,,,68,shear0 - iteration-68,295235,,,68,shear1 - iteration-68,278073
69,rotate0 - iteration-69,232966,,,69,rotate1 - iteration-69,216857,,,69,scale0 - iteration-69,333483,,,69,scale1 - iteration-69,294851,,,69,shear0 - iteration-69,295375,,,69,shear1 - iteration-69,280238
70,rotate0 - iteration-70,238184,,,70,rotate1 - iteration-70,221850,,,70,scale0 - iteration-70,339752,,,70,scale1 - iteration-70,296264,,,70,shear0 - iteration-70,294658,,,70,shear1 - iteration-70,281608
71,rotate0 - iteration-71,238448,,,71,rotate1 - iteration-71,217496,,,71,scale0 - iteration-71,334317,,,71,scale1 - iteration-71,293506,,,71,shear0 - iteration-71,294188,,,71,shear1 - iteration-71,280464
72,rotate0 - iteration-72,235581,,,72,rotate1 - iteration-72,219613,,,72,scale0 - iteration-72,331200,,,72,scale1 - iteration-72,295547,,,72,shear0 - iteration-72,294888,,,72,shear1 - iteration-72,289413
73,rotate0 - iteration-73,252331,,,73,rotate1 - iteration-73,216816,,,73,scale0 - iteration-73,342635,,,73,scale1 - iteration-73,309702,,,73,shear0 - iteration-73,297378,,,73,shear1 - iteration-73,283327
74,rotate0 - iteration-74,229967,,,74,rotate1 - iteration-74,218098,,,74,scale0 - iteration-74,337299,,,74,scale1 - iteration-74,295351,,,74,shear0 - iteration-74,293849,,,74,shear1 - iteration-74,277490
75,rotate0 - iteration-75,233286,,,75,rotate1 - iteration-75,223603,,,75,scale0 - iteration-75,331484,,,75,scale1 - iteration-75,295113,,,75,shear0 - iteration-75,296517,,,75,shear1 - iteration-75,279183
76,rotate0 - iteration-76,235247,,,76,rotate1 - iteration-76,220249,,,76,scale0 - iteration-76,331370,,,76,scale1 - iteration-76,308626,,,76,shear0 - iteration-76,295343,,,76,shear1 - iteration-76,280673
77,rotate0 - iteration-77,233497,,,77,rotate1 - iteration-77,219032,,,77,scale0 - iteration-77,333970,,,77,scale1 - iteration-77,297201,,,77,shear0 - iteration-77,293942,,,77,shear1 - iteration-77,279675
78,rotate0 - iteration-78,234282,,,78,rotate1 - iteration-78,219725,,,78,scale0 - iteration-78,334098,,,78,scale1 - iteration-78,293132,,,78,shear0 - iteration-78,295279,,,78,shear1 - iteration-78,281448
79,rotate0 - iteration-79,236449,,,79,rotate1 - iteration-79,218022,,,79,scale0 - iteration-79,342162,,,79,scale1 - iteration-79,294555,,,79,shear0 - iteration-79,295673,,,79,shear1 - iteration-79,283152
80,rotate0 - iteration-80,233395,,,80,rotate1 - iteration-80,219055,,,80,scale0 - iteration-80,346470,,,80,scale1 - iteration-80,297841,,,80,shear0 - iteration-80,297034,,,80,shear1 - iteration-80,284748
81,rotate0 - iteration-81,233952,,,81,rotate1 - iteration-81,216992,,,81,scale0 - iteration-81,331420,,,81,scale1 - iteration-81,295219,,,81,shear0 - iteration-81,295572,,,81,shear1 - iteration-81,277682
82,rotate0 - iteration-82,240570,,,82,rotate1 - iteration-82,218635,,,82,scale0 - iteration-82,333839,,,82,scale1 - iteration-82,296309,,,82,shear0 - iteration-82,296474,,,82,shear1 - iteration-82,279144
83,rotate0 - iteration-83,233742,,,83,rotate1 - iteration-83,219254,,,83,scale0 - iteration-83,333934,,,83,scale1 - iteration-83,297034,,,83,shear0 - iteration-83,300731,,,83,shear1 - iteration-83,278827
84,rotate0 - iteration-84,234963,,,84,rotate1 - iteration-84,218239,,,84,scale0 - iteration-84,335867,,,84,scale1 - iteration-84,295577,,,84,shear0 - iteration-84,296398,,,84,shear1 - iteration-84,282151
85,rotate0 - iteration-85,236152,,,85,rotate1 - iteration-85,218847,,,85,scale0 - iteration-85,340444,,,85,scale1 - iteration-85,295739,,,85,shear0 - iteration-85,294026,,,85,shear1 - iteration-85,281000
86,rotate0 - iteration-86,233546,,,86,rotate1 - iteration-86,218803,,,86,scale0 - iteration-86,332945,,,86,scale1 - iteration-86,292225,,,86,shear0 - iteration-86,296130,,,86,shear1 - iteration-86,283083
87,rotate0 - iteration-87,234874,,,87,rotate1 - iteration-87,217564,,,87,scale0 - iteration-87,332142,,,87,scale1 - iteration-87,304453,,,87,shear0 - iteration-87,295391,,,87,shear1 - iteration-87,282341
88,rotate0 - iteration-88,236105,,,88,rotate1 - iteration-88,219945,,,88,scale0 - iteration-88,330945,,,88,scale1 - iteration-88,297754,,,88,shear0 - iteration-88,297838,,,88,shear1 - iteration-88,281804
89,rotate0 - iteration-89,234069,,,89,rotate1 - iteration-89,216725,,,89,scale0 - iteration-89,333225,,,89,scale1 - iteration-89,296316,,,89,shear0 - iteration-89,294799,,,89,shear1 - iteration-89,282354
90,rotate0 - iteration-90,232991,,,90,rotate1 - iteration-90,216992,,,90,scale0 - iteration-90,332720,,,90,scale1 - iteration-90,294118,,,90,shear0 - iteration-90,296979,,,90,shear1 - iteration-90,284970
91,rotate0 - iteration-91,231868,,,91,rotate1 - iteration-91,219323,,,91,scale0 - iteration-91,336443,,,91,scale1 - iteration-91,295121,,,91,shear0 - iteration-91,307804,,,91,shear1 - iteration-91,285348
92,rotate0 - iteration-92,235898,,,92,rotate1 - iteration-92,217873,,,92,scale0 - iteration-92,334410,,,92,scale1 - iteration-92,293349,,,92,shear0 - iteration-92,296518,,,92,shear1 - iteration-92,281340
93,rotate0 - iteration-93,236536,,,93,rotate1 - iteration-93,222065,,,93,scale0 - iteration-93,332268,,,93,scale1 - iteration-93,295745,,,93,shear0 - iteration-93,299275,,,93,shear1 - iteration-93,284145
94,rotate0 - iteration-94,233859,,,94,rotate1 - iteration-94,220166,,,94,scale0 - iteration-94,333503,,,94,scale1 - iteration-94,295127,,,94,shear0 - iteration-94,297655,,,94,shear1 - iteration-94,280289
95,rotate0 - iteration-95,235235,,,95,rotate1 - iteration-95,218664,,,95,scale0 - iteration-95,331735,,,95,scale1 - iteration-95,295792,,,95,shear0 - iteration-95,295879,,,95,shear1 - iteration-95,279713
96,rotate0 - iteration-96,233353,,,96,rotate1 - iteration-96,217830,,,96,scale0 - iteration-96,330088,,,96,scale1 - iteration-96,296875,,,96,shear0 - iteration-96,295280,,,96,shear1 - iteration-96,285042
97,rotate0 - iteration-97,234995,,,97,rotate1 - iteration-97,218962,,,97,scale0 - iteration-97,338212,,,97,scale1 - iteration-97,298619,,,97,shear0 - iteration-97,295708,,,97,shear1 - iteration-97,283313
98,rotate0 - iteration-98,233182,,,98,rotate1 - iteration-98,217661,,,98,scale0 - iteration-98,334065,,,98,scale1 - iteration-98,297409,,,98,shear0 - iteration-98,297981,,,98,shear1 - iteration-98,293449
99,rotate0 - iteration-99,232140,,,99,rotate1 - iteration-99,217825,,,99,scale0 - iteration-99,332459,,,99,scale1 - iteration-99,294913,,,99,shear0 - iteration-99,298209,,,99,shear1 - iteration-99,279206
